{"cameraMode":{"drawMode":0,"name":"Shaded","section":"Shading Mode"},"sceneLighting":true,"audioPlay":false,"sceneViewState":{"showFog":true,"showMaterialUpdate":false,"showSkybox":true,"showFlares":true,"showImageEffects":true,"showParticleSystems":true},"in2DMode":false,"pivot":{"x":-0.22578096389770509,"y":4.099940776824951,"z":-1.200272560119629},"rotation":{"x":-0.00589321693405509,"y":0.936397910118103,"z":-0.015741849318146707,"w":-0.350538969039917},"size":10.0,"orthographic":false}