{"cameraMode":{"drawMode":0,"name":"Shaded","section":"Shading Mode"},"sceneLighting":true,"audioPlay":false,"sceneViewState":{"showFog":true,"showMaterialUpdate":false,"showSkybox":true,"showFlares":true,"showImageEffects":true,"showParticleSystems":true},"in2DMode":false,"pivot":{"x":5.729395866394043,"y":1.546146035194397,"z":-5.70362663269043},"rotation":{"x":-0.0045250398106873039,"y":-0.6566609144210815,"z":-0.003940016031265259,"w":0.7541623711585999},"size":10.947200775146485,"orthographic":false}